{
	"initialseirstatedistribution": [0.8, 0.1, 0.05, 0.05],
	"household_infection_probability": 0.05,
	"workplace_school_infection_probability": 0.01,
	"community_infection_probability": 0.005,
	"susceptibility_progression_mortality_probs_by_age": [
		[0.34,	  0.67,		1,		 1,		  1,	   1,		1,		 1.24,	  1.47,	   1.47,   1],
		[0.5,	  0.55,		0.6,	 0.65,	  0.7,	   0.75,	0.8,	 0.85,	  0.9,	   0.9,	   0.625],
		[0.0005,  0.00165,	0.0072,	 0.0208,  0.0343,  0.0765,	0.1328,	 0.20655, 0.2457,  0.2457, 0.15],
		[0.00003, 0.0008,	0.00036, 0.00104, 0.00216, 0.00933,	0.03639, 0.08923, 0.1742,  0.1742, 0.525],
		[0.00002, 0.00002,	0.0001,	 0.00032, 0.00098, 0.00265,	0.00766, 0.02439, 0.08292, 0.1619, 0.0085]
	],
	"durations_days_distribution_parameters": [
		[4.5,	1.5],
		[1.1,	0.9],
		[6.6,	4.9],
		[1.5,	2.0],
		[10.7,	4.8],
		[8.0,	2.0],
		[8.0,	2.0],
		[18.1,	6.3],
		[18.1,	6.3],
		[196,	2.0]
	]
}




